t,x,y,vd,xyd,nd,d,st
0,909.48,1128.67,0,0,6,6.16497,0
0,909.48,1128.77,0.00702671,0.445,6,6.02877,0
